LOCATION,REFERENCEPERIOD,obsTime,obsValue,OBS_STATUS
AUT,2010,1970.0,849.863,NA
AUT,2010,1971.0,876.7198,NA
AUT,2010,1972.0,924.9049,NA
AUT,2010,1973.0,983.3833,NA
AUT,2010,1974.0,1068.3942,NA
AUT,2010,1975.0,1365.5542,NA
AUT,2010,1976.0,1481.9085,NA
AUT,2010,1977.0,1543.0276,NA
AUT,2010,1978.0,1602.6562,NA
AUT,2010,1979.0,1685.3273,NA
AUT,2010,1980.0,1738.9518,NA
AUT,2010,1981.0,1485.8219,NA
AUT,2010,1982.0,1508.3548,NA
AUT,2010,1983.0,1512.4136,NA
AUT,2010,1984.0,1525.3671,NA
AUT,2010,1985.0,1597.0039,NA
AUT,2010,1986.0,1661.8794,NA
AUT,2010,1987.0,1763.1259,NA
AUT,2010,1988.0,1816.3715,NA
AUT,2010,1989.0,1920.5468,NA
AUT,2010,1990.0,2347.0307,B
AUT,2010,1991.0,2423.6339,NA
AUT,2010,1992.0,2540.0944,NA
AUT,2010,1993.0,2696.6659,NA
AUT,2010,1994.0,2875.3106,NA
AUT,2010,1995.0,2925.7651,NA
AUT,2010,1996.0,2978.1928,NA
AUT,2010,1997.0,3074.4388,NA
AUT,2010,1998.0,3240.746,NA
AUT,2010,1999.0,3404.3271,NA
AUT,2010,2e3,3472.7366,NA
AUT,2010,2001.0,3531.3159,NA
AUT,2010,2002.0,3620.3297,NA
AUT,2010,2003.0,3695.6138,NA
AUT,2010,2004.0,3797.4718,NA
AUT,2010,2005.0,3826.3191,NA
AUT,2010,2006.0,3893.9178,NA
AUT,2010,2007.0,4020.3699,NA
AUT,2010,2008.0,4136.9982,NA
AUT,2010,2009.0,4178.429,NA
AUT,2010,2010.0,4236.3164,NA
AUT,2010,2011.0,4253.5175,NA
AUT,2010,2012.0,4362.1556,NA
AUT,2010,2013.0,4352.5783,NA
AUT,2010,2014.0,4390.1259,NA
AUT,2010,2015.0,4425.6932,E
BEL,2010,1970.0,683.3738,D
BEL,2010,1971.0,723.5906,D
BEL,2010,1972.0,788.4374,D
BEL,2010,1973.0,891.1623,D
BEL,2010,1974.0,939.3939,D
BEL,2010,1975.0,1154.0117,D
BEL,2010,1976.0,1262.6339,D
BEL,2010,1977.0,1372.7239,D
BEL,2010,1978.0,1453.5338,D
BEL,2010,1979.0,1482.0677,D
BEL,2010,1980.0,1494.2748,D
BEL,2010,1981.0,1590.1579,D
BEL,2010,1982.0,1655.4796,D
BEL,2010,1983.0,1701.4332,D
BEL,2010,1984.0,1703.9211,D
BEL,2010,1985.0,1744.1525,D
BEL,2010,1986.0,1819.5336,D
BEL,2010,1987.0,1888.226,D
BEL,2010,1988.0,1970.8607,D
BEL,2010,1989.0,2015.7184,D
BEL,2010,1990.0,2085.3743,D
BEL,2010,1991.0,2208.0614,D
BEL,2010,1992.0,2286.7203,D
BEL,2010,1993.0,2292.4751,D
BEL,2010,1994.0,2297.5698,D
BEL,2010,1995.0,2334.5471,B
BEL,2010,1996.0,2454.2452,NA
BEL,2010,1997.0,2492.5703,NA
BEL,2010,1998.0,2577.5149,NA
BEL,2010,1999.0,2720.044,NA
BEL,2010,2e3,2826.9874,NA
BEL,2010,2001.0,2898.5499,NA
BEL,2010,2002.0,2994.2747,NA
BEL,2010,2003.0,3305.4234,B
BEL,2010,2004.0,3418.6101,NA
BEL,2010,2005.0,3442.567,NA
BEL,2010,2006.0,3469.8104,NA
BEL,2010,2007.0,3577.1295,NA
BEL,2010,2008.0,3725.1113,NA
BEL,2010,2009.0,3900.7277,NA
BEL,2010,2010.0,3901.9126,NA
BEL,2010,2011.0,3986.078,NA
BEL,2010,2012.0,4006.2239,NA
BEL,2010,2013.0,4062.795,NA
BEL,2010,2014.0,4097.5951,NA
BEL,2010,2015.0,4120.0479,E
DEU,2010,1970.0,1219.428,NA
DEU,2010,1971.0,1358.2333,NA
DEU,2010,1972.0,1480.9197,NA
DEU,2010,1973.0,1619.966,NA
DEU,2010,1974.0,1757.4922,NA
DEU,2010,1975.0,1906.5468,NA
DEU,2010,1976.0,2015.1658,NA
DEU,2010,1977.0,2070.2065,NA
DEU,2010,1978.0,2154.6998,NA
DEU,2010,1979.0,2201.3952,NA
DEU,2010,1980.0,2282.4014,NA
DEU,2010,1981.0,2374.1244,NA
DEU,2010,1982.0,2319.1311,NA
DEU,2010,1983.0,2361.1298,NA
DEU,2010,1984.0,2472.1423,NA
DEU,2010,1985.0,2579.6387,NA
DEU,2010,1986.0,2603.9363,NA
DEU,2010,1987.0,2668.4883,NA
DEU,2010,1988.0,2812.9428,NA
DEU,2010,1989.0,2689.5098,NA
DEU,2010,1990.0,2774.6817,NA
DEU,2010,1992.0,2909.8528,B
DEU,2010,1993.0,2853.0909,NA
DEU,2010,1994.0,2989.637,NA
DEU,2010,1995.0,3122.131,NA
DEU,2010,1996.0,3241.8944,NA
DEU,2010,1997.0,3257.2866,NA
DEU,2010,1998.0,3327.2647,NA
DEU,2010,1999.0,3414.5749,NA
DEU,2010,2e3,3536.3549,NA
DEU,2010,2001.0,3603.768,NA
DEU,2010,2002.0,3687.3766,NA
DEU,2010,2003.0,3745.138,NA
DEU,2010,2004.0,3704.9553,NA
DEU,2010,2005.0,3787.1331,NA
DEU,2010,2006.0,3875.1386,NA
DEU,2010,2007.0,3950.1671,NA
DEU,2010,2008.0,4079.0901,NA
DEU,2010,2009.0,4232.5762,NA
DEU,2010,2010.0,4358.6128,NA
DEU,2010,2011.0,4396.4446,NA
DEU,2010,2012.0,4516.9885,NA
DEU,2010,2013.0,4589.3728,NA
DEU,2010,2014.0,4684.4851,NA
DEU,2010,2015.0,4772.328,P
NOR,2010,1970.0,846.9044,NA
NOR,2010,1971.0,948.4623,NA
NOR,2010,1972.0,1068.0202,NA
NOR,2010,1973.0,1147.8994,NA
NOR,2010,1974.0,1184.7628,NA
NOR,2010,1975.0,1312.8012,NA
NOR,2010,1976.0,1397.1974,NA
NOR,2010,1977.0,1499.7419,NA
NOR,2010,1978.0,1699.6421,NA
NOR,2010,1979.0,1651.6198,NA
NOR,2010,1980.0,1737.859,NA
NOR,2010,1981.0,1782.7722,NA
NOR,2010,1982.0,1833.8316,NA
NOR,2010,1983.0,1947.5575,NA
NOR,2010,1984.0,1938.0624,NA
NOR,2010,1985.0,2025.9757,NA
NOR,2010,1986.0,2075.2096,NA
NOR,2010,1987.0,2140.5139,NA
NOR,2010,1988.0,2119.0708,NA
NOR,2010,1989.0,2112.6695,NA
NOR,2010,1990.0,2519.8144,NA
NOR,2010,1991.0,2660.3272,NA
NOR,2010,1992.0,2737.9341,NA
NOR,2010,1993.0,2761.3593,B
NOR,2010,1994.0,2800.1692,NA
NOR,2010,1995.0,2863.3941,NA
NOR,2010,1996.0,3034.7886,NA
NOR,2010,1997.0,3426.2475,B
NOR,2010,1998.0,3639.4707,NA
NOR,2010,1999.0,3826.0384,NA
NOR,2010,2e3,4003.9711,NA
NOR,2010,2001.0,4139.3039,B
NOR,2010,2002.0,4504.0563,NA
NOR,2010,2003.0,4633.588,NA
NOR,2010,2004.0,4734.1539,NA
NOR,2010,2005.0,4822.7491,NA
NOR,2010,2006.0,4846.3557,NA
NOR,2010,2007.0,4965.1445,NA
NOR,2010,2008.0,5149.5973,NA
NOR,2010,2009.0,5254.0755,NA
NOR,2010,2010.0,5240.4165,NA
NOR,2010,2011.0,5387.9816,NA
NOR,2010,2012.0,5499.0862,NA
NOR,2010,2013.0,5557.2025,NA
NOR,2010,2014.0,5730.1556,P
NOR,2010,2015.0,5926.4438,P
KOR,2010,1970.0,66.7592,NA
KOR,2010,1971.0,62.9344,NA
KOR,2010,1972.0,60.3042,NA
KOR,2010,1973.0,58.3564,NA
KOR,2010,1974.0,54.4368,NA
KOR,2010,1975.0,86.3197,NA
KOR,2010,1976.0,96.7781,NA
KOR,2010,1977.0,101.5091,NA
KOR,2010,1978.0,120.0487,NA
KOR,2010,1979.0,166.8291,NA
KOR,2010,1980.0,177.1629,NA
KOR,2010,1981.0,194.2137,NA
KOR,2010,1982.0,204.6142,NA
KOR,2010,1983.0,221.4358,NA
KOR,2010,1984.0,229.6374,NA
KOR,2010,1985.0,247.7922,NA
KOR,2010,1986.0,262.6692,NA
KOR,2010,1987.0,284.914,NA
KOR,2010,1988.0,329.3889,NA
KOR,2010,1989.0,400.0955,NA
KOR,2010,1990.0,428.9749,NA
KOR,2010,1991.0,448.4251,NA
KOR,2010,1992.0,487.7438,NA
KOR,2010,1993.0,503.5979,NA
KOR,2010,1994.0,518.4574,NA
KOR,2010,1995.0,571.0775,NA
KOR,2010,1996.0,641.2272,NA
KOR,2010,1997.0,669.7538,NA
KOR,2010,1998.0,652.5871,NA
KOR,2010,1999.0,759.6593,NA
KOR,2010,2e3,831.826,NA
KOR,2010,2001.0,968.6293,NA
KOR,2010,2002.0,1001.7548,NA
KOR,2010,2003.0,1100.1015,NA
KOR,2010,2004.0,1160.5523,NA
KOR,2010,2005.0,1287.7107,NA
KOR,2010,2006.0,1455.1477,NA
KOR,2010,2007.0,1578.6684,NA
KOR,2010,2008.0,1660.3987,NA
KOR,2010,2009.0,1813.1674,NA
KOR,2010,2010.0,1951.3258,NA
KOR,2010,2011.0,2031.3198,NA
KOR,2010,2012.0,2112.3831,NA
KOR,2010,2013.0,2227.8274,NA
KOR,2010,2014.0,2379.9712,NA
KOR,2010,2015.0,2480.2836,P
AUS,2010,1971.0,982.3137,NA
AUS,2010,1972.0,989.9003,NA
AUS,2010,1973.0,1007.0003,NA
AUS,2010,1974.0,1138.423,NA
AUS,2010,1975.0,1299.7468,NA
AUS,2010,1976.0,1337.0718,NA
AUS,2010,1977.0,1403.1552,NA
AUS,2010,1978.0,1410.1761,NA
AUS,2010,1979.0,1410.7119,NA
AUS,2010,1980.0,1440.4453,NA
AUS,2010,1981.0,1467.8877,NA
AUS,2010,1982.0,1475.0446,NA
AUS,2010,1983.0,1508.2358,NA
AUS,2010,1984.0,1561.121,NA
AUS,2010,1985.0,1617.1644,NA
AUS,2010,1986.0,1688.0412,NA
AUS,2010,1987.0,1712.2838,NA
AUS,2010,1988.0,1736.7152,NA
AUS,2010,1989.0,1783.3481,NA
AUS,2010,1990.0,1853.1596,NA
AUS,2010,1991.0,1920.2033,NA
AUS,2010,1992.0,1994.4415,NA
AUS,2010,1993.0,2060.3732,NA
AUS,2010,1994.0,2129.3472,NA
AUS,2010,1995.0,2202.176,NA
AUS,2010,1996.0,2307.517,NA
AUS,2010,1997.0,2392.0429,NA
AUS,2010,1998.0,2543.6197,D
AUS,2010,1999.0,2646.7086,D
AUS,2010,2e3,2767.6725,D
AUS,2010,2001.0,2872.3738,D
AUS,2010,2002.0,2999.5093,D
AUS,2010,2003.0,3090.6573,D
AUS,2010,2004.0,3240.3186,D
AUS,2010,2005.0,3242.9106,D
AUS,2010,2006.0,3323.2565,D
AUS,2010,2007.0,3415.193,D
AUS,2010,2008.0,3494.4375,D
AUS,2010,2009.0,3629.7041,D
AUS,2010,2010.0,3607.3407,D
AUS,2010,2011.0,3738.1767,D
AUS,2010,2012.0,3831.3635,D
AUS,2010,2013.0,3901.7343,D
AUS,2010,2014.0,4009.8881,DE
AUS,2010,2015.0,4164.2213,DE
MEX,2010,1990.0,505.5678,D
MEX,2010,1991.0,557.5118,D
MEX,2010,1992.0,609.8756,D
MEX,2010,1993.0,634.2963,D
MEX,2010,1994.0,652.7527,D
MEX,2010,1995.0,587.714,D
MEX,2010,1996.0,553.3215,D
MEX,2010,1997.0,598.4016,D
MEX,2010,1998.0,631.4867,D
MEX,2010,1999.0,662.6147,D
MEX,2010,2e3,689.5147,D
MEX,2010,2001.0,736.5952,D
MEX,2010,2002.0,754.4262,D
MEX,2010,2003.0,830.7156,B
MEX,2010,2004.0,870.4653,NA
MEX,2010,2005.0,868.577,NA
MEX,2010,2006.0,869.6953,NA
MEX,2010,2007.0,902.7412,NA
MEX,2010,2008.0,911.058,NA
MEX,2010,2009.0,932.4925,NA
MEX,2010,2010.0,938.9105,NA
MEX,2010,2011.0,913.3644,NA
MEX,2010,2012.0,965.2803,NA
MEX,2010,2013.0,979.9064,NA
MEX,2010,2014.0,944.3196,B
MEX,2010,2015.0,972.1045,E
ISR,2010,1975.0,687.5623,NA
ISR,2010,1976.0,773.9488,NA
ISR,2010,1977.0,862.3993,NA
ISR,2010,1978.0,978.0838,NA
ISR,2010,1979.0,1099.545,NA
ISR,2010,1980.0,1106.423,NA
ISR,2010,1981.0,1109.3591,NA
ISR,2010,1982.0,1121.3554,NA
ISR,2010,1983.0,1213.6878,NA
ISR,2010,1984.0,1463.6916,NA
ISR,2010,1985.0,1114.3894,NA
ISR,2010,1986.0,1064.7676,NA
ISR,2010,1987.0,1140.0856,NA
ISR,2010,1988.0,1198.6498,NA
ISR,2010,1989.0,1272.1907,NA
ISR,2010,1990.0,1244.5814,NA
ISR,2010,1991.0,1203.9738,NA
ISR,2010,1992.0,1305.82,NA
ISR,2010,1993.0,1358.864,NA
ISR,2010,1994.0,1524.3042,NA
ISR,2010,1995.0,1540.9732,NA
ISR,2010,1996.0,1613.0248,NA
ISR,2010,1997.0,1668.5784,NA
ISR,2010,1998.0,1683.9816,NA
ISR,2010,1999.0,1628.6461,NA
ISR,2010,2e3,1731.985,NA
ISR,2010,2001.0,1802.3905,NA
ISR,2010,2002.0,1746.3998,NA
ISR,2010,2003.0,1723.6955,NA
ISR,2010,2004.0,1762.0028,NA
ISR,2010,2005.0,1827.5507,NA
ISR,2010,2006.0,1850.0258,NA
ISR,2010,2007.0,1919.0778,NA
ISR,2010,2008.0,1966.125,NA
ISR,2010,2009.0,1966.5113,NA
ISR,2010,2010.0,2025.5808,NA
ISR,2010,2011.0,2085.0105,NA
ISR,2010,2012.0,2138.5689,NA
ISR,2010,2013.0,2259.7685,BDP
ISR,2010,2014.0,2319.2332,DP
ISR,2010,2015.0,2292.3219,DE
CHE,2010,1970.0,1672.2598,NA
CHE,2010,1971.0,1808.617,NA
CHE,2010,1972.0,1840.0689,NA
CHE,2010,1973.0,1909.8974,NA
CHE,2010,1974.0,2058.5251,NA
CHE,2010,1975.0,2175.9491,NA
CHE,2010,1976.0,2233.4705,NA
CHE,2010,1977.0,2293.6911,NA
CHE,2010,1978.0,2306.4702,NA
CHE,2010,1979.0,2392.3016,NA
CHE,2010,1980.0,2505.0154000000002,NA
CHE,2010,1981.0,2554.0175,NA
CHE,2010,1982.0,2557.1418,NA
CHE,2010,1983.0,2699.0504,NA
CHE,2010,1984.0,2677.8657,NA
CHE,2010,1985.0,2765.2105,NA
CHE,2010,1986.0,2871.506,NA
CHE,2010,1987.0,2981.6448,NA
CHE,2010,1988.0,3076.9371,NA
CHE,2010,1989.0,3194.6702,NA
CHE,2010,1990.0,3251.551,NA
CHE,2010,1991.0,3442.2275,NA
CHE,2010,1992.0,3561.0551,NA
CHE,2010,1993.0,3556.6773,NA
CHE,2010,1994.0,3604.8755,NA
CHE,2010,1995.0,3752.1866,B
CHE,2010,1996.0,3906.0381,NA
CHE,2010,1997.0,3982.1448,NA
CHE,2010,1998.0,4142.3256,NA
CHE,2010,1999.0,4248.5318,NA
CHE,2010,2e3,4344.558,NA
CHE,2010,2001.0,4545.3768,NA
CHE,2010,2002.0,4706.3575,NA
CHE,2010,2003.0,4811.0269,NA
CHE,2010,2004.0,4928.0873,NA
CHE,2010,2005.0,4964.2494,NA
CHE,2010,2006.0,4906.6836,NA
CHE,2010,2007.0,4975.4899,NA
CHE,2010,2008.0,5100.4791,NA
CHE,2010,2009.0,5236.1522,NA
CHE,2010,2010.0,5371.4504,B
CHE,2010,2011.0,5485.8134,NA
CHE,2010,2012.0,5687.2677,NA
CHE,2010,2013.0,5818.7818,NA
CHE,2010,2014.0,5971.8173,NA
CHE,2010,2015.0,6062.2568,P
SWE,2010,1970.0,1168.3438,NA
SWE,2010,1971.0,1264.5827,NA
SWE,2010,1972.0,1311.8471,NA
SWE,2010,1973.0,1355.4941,NA
SWE,2010,1974.0,1450.5871,NA
SWE,2010,1975.0,1549.189,NA
SWE,2010,1976.0,1627.8297,NA
SWE,2010,1977.0,1773.2115,NA
SWE,2010,1978.0,1810.4277,NA
SWE,2010,1979.0,1848.868,NA
SWE,2010,1980.0,1953.5603,NA
SWE,2010,1981.0,1986.0949,NA
SWE,2010,1982.0,2031.7116,NA
SWE,2010,1983.0,2046.4383,NA
SWE,2010,1984.0,2079.5479,NA
SWE,2010,1985.0,2013.3008,NA
SWE,2010,1986.0,1997.8438,NA
SWE,2010,1987.0,2080.6575,NA
SWE,2010,1988.0,2099.4967,NA
SWE,2010,1989.0,2158.6983,NA
SWE,2010,1990.0,2182.6409,NA
SWE,2010,1991.0,2139.2097,NA
SWE,2010,1992.0,2184.6582,NA
SWE,2010,1993.0,2195.9112,B
SWE,2010,1994.0,2154.1985,NA
SWE,2010,1995.0,2203.4506,NA
SWE,2010,1996.0,2295.8033,NA
SWE,2010,1997.0,2304.9606,NA
SWE,2010,1998.0,2428.7845,NA
SWE,2010,1999.0,2541.0711,NA
SWE,2010,2e3,2656.362,NA
SWE,2010,2001.0,2916.3359,B
SWE,2010,2002.0,3088.2543,NA
SWE,2010,2003.0,3188.528,NA
SWE,2010,2004.0,3233.9575,NA
SWE,2010,2005.0,3318.2521,NA
SWE,2010,2006.0,3405.7841,NA
SWE,2010,2007.0,3458.3971,NA
SWE,2010,2008.0,3513.5332,NA
SWE,2010,2009.0,3553.986,NA
SWE,2010,2010.0,3543.5822,NA
SWE,2010,2011.0,4543.4803,B
SWE,2010,2012.0,4606.2456,NA
SWE,2010,2013.0,4693.0745,NA
SWE,2010,2014.0,4786.5334,P
SWE,2010,2015.0,4906.8583,P
CAN,2010,1970.0,1295.7665,NA
CAN,2010,1971.0,1390.037,NA
CAN,2010,1972.0,1430.5746,NA
CAN,2010,1973.0,1437.3807,NA
CAN,2010,1974.0,1442.2155,NA
CAN,2010,1975.0,1553.5575,B
CAN,2010,1976.0,1621.8955,NA
CAN,2010,1977.0,1653.0144,NA
CAN,2010,1978.0,1694.2938,NA
CAN,2010,1979.0,1711.5811,NA
CAN,2010,1980.0,1773.2352,NA
CAN,2010,1981.0,1867.9228,NA
CAN,2010,1982.0,1979.7332,NA
CAN,2010,1983.0,2057.1832,NA
CAN,2010,1984.0,2126.6136,NA
CAN,2010,1985.0,2209.266,NA
CAN,2010,1986.0,2306.182,NA
CAN,2010,1987.0,2351.3938,NA
CAN,2010,1988.0,2423.1176,NA
CAN,2010,1989.0,2500.3536,NA
CAN,2010,1990.0,2595.9141,NA
CAN,2010,1991.0,2714.7232,NA
CAN,2010,1992.0,2781.2469,NA
CAN,2010,1993.0,2788.8032,NA
CAN,2010,1994.0,2771.8514,NA
CAN,2010,1995.0,2720.2965,NA
CAN,2010,1996.0,2672.6873,NA
CAN,2010,1997.0,2753.7682,NA
CAN,2010,1998.0,2915.6411,NA
CAN,2010,1999.0,2963.8153,NA
CAN,2010,2e3,3058.155,NA
CAN,2010,2001.0,3219.9298,NA
CAN,2010,2002.0,3369.4221,NA
CAN,2010,2003.0,3458.5634,NA
CAN,2010,2004.0,3553.4721,NA
CAN,2010,2005.0,3619.4946,NA
CAN,2010,2006.0,3737.1078,NA
CAN,2010,2007.0,3817.365,NA
CAN,2010,2008.0,3885.2758,NA
CAN,2010,2009.0,4167.6202,NA
CAN,2010,2010.0,4288.0225,NA
CAN,2010,2011.0,4197.5432,NA
CAN,2010,2012.0,4219.9485,NA
CAN,2010,2013.0,4230.7281,NA
CAN,2010,2014.0,4207.4946,P
CAN,2010,2015.0,4293.8264,P
GRC,2010,1988.0,1120.1386,NA
GRC,2010,1989.0,1268.3512,NA
GRC,2010,1990.0,1266.7054,NA
GRC,2010,1991.0,1259.177,NA
GRC,2010,1992.0,1376.7298,NA
GRC,2010,1993.0,1511.2064,NA
GRC,2010,1994.0,1682.7263,NA
GRC,2010,1995.0,1709.315,NA
GRC,2010,1996.0,1729.3586,NA
GRC,2010,1997.0,1756.0787,NA
GRC,2010,1998.0,1786.9542,NA
GRC,2010,1999.0,1879.4975,NA
GRC,2010,2e3,1815.1583,NA
GRC,2010,2001.0,2073.6269,NA
GRC,2010,2002.0,2213.1951,NA
GRC,2010,2003.0,2325.7693,NA
GRC,2010,2004.0,2358.3612,NA
GRC,2010,2005.0,2682.9519,NA
GRC,2010,2006.0,2816.2848,NA
GRC,2010,2007.0,2931.8391,NA
GRC,2010,2008.0,3138.9139,BD
GRC,2010,2009.0,2995.5728,B
GRC,2010,2010.0,2855.3382,NA
GRC,2010,2011.0,2496.7023,NA
GRC,2010,2012.0,2199.1078,NA
GRC,2010,2013.0,2096.1872,NA
GRC,2010,2014.0,2012.2274,NA
GRC,2010,2015.0,1994.1161,E
CZE,2010,1990.0,716.5572,NA
CZE,2010,1991.0,658.0074,NA
CZE,2010,1992.0,674.823,NA
CZE,2010,1993.0,903.4505,NA
CZE,2010,1994.0,957.5316,NA
CZE,2010,1995.0,1058.9196,B
CZE,2010,1996.0,1082.1967,NA
CZE,2010,1997.0,1077.8613,NA
CZE,2010,1998.0,1072.1795,NA
CZE,2010,1999.0,1123.4993,NA
CZE,2010,2e3,1159.6971,B
CZE,2010,2001.0,1234.4662,NA
CZE,2010,2002.0,1324.2376,NA
CZE,2010,2003.0,1452.0197,B
CZE,2010,2004.0,1481.5625,NA
CZE,2010,2005.0,1574.6261,NA
CZE,2010,2006.0,1628.7237,NA
CZE,2010,2007.0,1660.1874,NA
CZE,2010,2008.0,1787.753,NA
CZE,2010,2009.0,1939.7369,NA
CZE,2010,2010.0,1879.5815,NA
CZE,2010,2011.0,1927.1554,NA
CZE,2010,2012.0,1924.5446,NA
CZE,2010,2013.0,1909.4449,NA
CZE,2010,2014.0,2112.9399,B
CZE,2010,2015.0,2175.0094,E
ITA,2010,1988.0,1892.0396,NA
ITA,2010,1989.0,1950.7967,NA
ITA,2010,1990.0,2094.9595,NA
ITA,2010,1991.0,2196.8754,NA
ITA,2010,1992.0,2173.484,NA
ITA,2010,1993.0,2144.3894,NA
ITA,2010,1994.0,2142.4645,NA
ITA,2010,1995.0,2184.2945,B
ITA,2010,1996.0,2241.6398,NA
ITA,2010,1997.0,2366.9263,NA
ITA,2010,1998.0,2419.1297,NA
ITA,2010,1999.0,2479.3573,NA
ITA,2010,2e3,2655.8168,NA
ITA,2010,2001.0,2768.5363,NA
ITA,2010,2002.0,2815.5814,NA
ITA,2010,2003.0,2793.9552,NA
ITA,2010,2004.0,2939.1599,NA
ITA,2010,2005.0,3015.059,NA
ITA,2010,2006.0,3102.4452,NA
ITA,2010,2007.0,3022.4024,NA
ITA,2010,2008.0,3116.1245,NA
ITA,2010,2009.0,3073.9197,NA
ITA,2010,2010.0,3108.2039,NA
ITA,2010,2011.0,3079.2887,NA
ITA,2010,2012.0,2986.9155,NA
ITA,2010,2013.0,2886.7033,NA
ITA,2010,2014.0,2933.1558,B
ITA,2010,2015.0,2954.1373,E
EST,2010,1999.0,754.2285,NA
EST,2010,2e3,751.4352,NA
EST,2010,2001.0,745.465,NA
EST,2010,2002.0,786.621,NA
EST,2010,2003.0,877.7061,NA
EST,2010,2004.0,978.3881,NA
EST,2010,2005.0,1047.3086,NA
EST,2010,2006.0,1152.9042,NA
EST,2010,2007.0,1275.8281,NA
EST,2010,2008.0,1373.0364,NA
EST,2010,2009.0,1342.592,B
EST,2010,2010.0,1334.1851,NA
EST,2010,2011.0,1324.0841,NA
EST,2010,2012.0,1394.4443,NA
EST,2010,2013.0,1464.5597,NA
EST,2010,2014.0,1550.0278,NA
EST,2010,2015.0,1613.1031,P
IRL,2010,1970.0,530.1572,NA
IRL,2010,1971.0,642.5646,NA
IRL,2010,1972.0,681.9066,NA
IRL,2010,1973.0,718.8923,NA
IRL,2010,1974.0,796.9092,NA
IRL,2010,1975.0,839.4058,NA
IRL,2010,1976.0,818.3842,NA
IRL,2010,1977.0,832.657,NA
IRL,2010,1978.0,926.5445,NA
IRL,2010,1979.0,991.5204,NA
IRL,2010,1980.0,1114.6872,NA
IRL,2010,1981.0,1076.802,NA
IRL,2010,1982.0,1068.9027,NA
IRL,2010,1983.0,1062.5368,NA
IRL,2010,1984.0,1076.9617,NA
IRL,2010,1985.0,1111.1945,NA
IRL,2010,1986.0,1090.8688,NA
IRL,2010,1987.0,1091.6078,NA
IRL,2010,1988.0,1097.7704,NA
IRL,2010,1989.0,1094.6361,NA
IRL,2010,1990.0,1155.6888,NA
IRL,2010,1991.0,1265.4578,NA
IRL,2010,1992.0,1354.83,NA
IRL,2010,1993.0,1395.2998,NA
IRL,2010,1994.0,1446.3336,NA
IRL,2010,1995.0,1535.2678,NA
IRL,2010,1996.0,1617.2544,NA
IRL,2010,1997.0,1755.6332,NA
IRL,2010,1998.0,1824.7354,NA
IRL,2010,1999.0,1981.8331,NA
IRL,2010,2e3,2277.413,NA
IRL,2010,2001.0,2571.5499,NA
IRL,2010,2002.0,2792.6566,NA
IRL,2010,2003.0,2991.0384,NA
IRL,2010,2004.0,3165.1088,NA
IRL,2010,2005.0,3490.7445,NA
IRL,2010,2006.0,3545.7522,NA
IRL,2010,2007.0,3776.9736,NA
IRL,2010,2008.0,4225.5888,NA
IRL,2010,2009.0,4560.1121,NA
IRL,2010,2010.0,4585.4044,NA
IRL,2010,2011.0,4370.0642,NA
IRL,2010,2012.0,4467.5385,NA
IRL,2010,2013.0,4676.9454,B
IRL,2010,2014.0,4743.4296,NA
IRL,2010,2015.0,4708.7317,E
HUN,2010,1991.0,931.3611,NA
HUN,2010,1992.0,972.5426,NA
HUN,2010,1993.0,977.2673,NA
HUN,2010,1994.0,1076.6561,NA
HUN,2010,1995.0,996.4554,NA
HUN,2010,1996.0,985.2159,NA
HUN,2010,1997.0,968.7231,NA
HUN,2010,1998.0,1069.7785,B
HUN,2010,1999.0,1141.0826,NA
HUN,2010,2e3,1174.2322,NA
HUN,2010,2001.0,1231.7817,NA
HUN,2010,2002.0,1345.8965,NA
HUN,2010,2003.0,1601.6351,B
HUN,2010,2004.0,1611.2098,NA
HUN,2010,2005.0,1736.3408,NA
HUN,2010,2006.0,1762.9564,NA
HUN,2010,2007.0,1641.345,NA
HUN,2010,2008.0,1631.2306,NA
HUN,2010,2009.0,1558.7315,NA
HUN,2010,2010.0,1632.9071,NA
HUN,2010,2011.0,1670.9272,NA
HUN,2010,2012.0,1633.207,NA
HUN,2010,2013.0,1623.611,NA
HUN,2010,2014.0,1656.7189,NA
HUN,2010,2015.0,1676.1285,E
FIN,2010,1970.0,759.8204,NA
FIN,2010,1971.0,823.5278,NA
FIN,2010,1972.0,897.8236,NA
FIN,2010,1973.0,928.4083,NA
FIN,2010,1974.0,942.0766,NA
FIN,2010,1975.0,1043.8095,NA
FIN,2010,1976.0,1106.7728,NA
FIN,2010,1977.0,1143.9357,NA
FIN,2010,1978.0,1162.5551,NA
FIN,2010,1979.0,1212.4493,NA
FIN,2010,1980.0,1258.2683,NA
FIN,2010,1981.0,1295.7892,NA
FIN,2010,1982.0,1348.9003,NA
FIN,2010,1983.0,1402.4839,NA
FIN,2010,1984.0,1450.1209,NA
FIN,2010,1985.0,1588.8682,NA
FIN,2010,1986.0,1651.2439,NA
FIN,2010,1987.0,1740.4537,NA
FIN,2010,1988.0,1774.809,NA
FIN,2010,1989.0,1869.3929,NA
FIN,2010,1990.0,2015.0186,NA
FIN,2010,1991.0,2162.646,NA
FIN,2010,1992.0,2128.9968,NA
FIN,2010,1993.0,1934.0765,B
FIN,2010,1994.0,1862.0776,NA
FIN,2010,1995.0,1951.7806,NA
FIN,2010,1996.0,2050.0056,NA
FIN,2010,1997.0,2071.8464,NA
FIN,2010,1998.0,2084.1422,NA
FIN,2010,1999.0,2163.5734,NA
FIN,2010,2e3,2302.9232,B
FIN,2010,2001.0,2407.802,NA
FIN,2010,2002.0,2574.0458,NA
FIN,2010,2003.0,2729.8814,NA
FIN,2010,2004.0,2874.0778,NA
FIN,2010,2005.0,3017.0643,NA
FIN,2010,2006.0,3129.5904,NA
FIN,2010,2007.0,3204.378,NA
FIN,2010,2008.0,3317.4805,NA
FIN,2010,2009.0,3323.3849,NA
FIN,2010,2010.0,3403.8482,NA
FIN,2010,2011.0,3506.2567,NA
FIN,2010,2012.0,3569.6568,NA
FIN,2010,2013.0,3604.1407,NA
FIN,2010,2014.0,3567.4571,NA
FIN,2010,2015.0,3627.9559,P
FRA,2010,1970.0,923.0338,NA
FRA,2010,1975.0,1267.5022,NA
FRA,2010,1980.0,1604.7333,NA
FRA,2010,1985.0,1923.1369,NA
FRA,2010,1990.0,2300.8976,NA
FRA,2010,1991.0,2377.8353,NA
FRA,2010,1992.0,2469.4117,NA
FRA,2010,1993.0,2561.9933,NA
FRA,2010,1994.0,2607.9071,NA
FRA,2010,1995.0,2965.8229,B
FRA,2010,1996.0,2997.7557,NA
FRA,2010,1997.0,3018.3427,NA
FRA,2010,1998.0,3082.7392,NA
FRA,2010,1999.0,3171.996,NA
FRA,2010,2e3,3248.9504,NA
FRA,2010,2001.0,3331.4384,NA
FRA,2010,2002.0,3454.0558,NA
FRA,2010,2003.0,3478.5787,B
FRA,2010,2004.0,3578.9042,NA
FRA,2010,2005.0,3629.209,NA
FRA,2010,2006.0,3644.7304,B
FRA,2010,2007.0,3680.6859,NA
FRA,2010,2008.0,3713.7856,NA
FRA,2010,2009.0,3836.7055,NA
FRA,2010,2010.0,3859.5252,NA
FRA,2010,2011.0,3917.4283,NA
FRA,2010,2012.0,3942.3884,NA
FRA,2010,2013.0,3989.2368,NA
FRA,2010,2014.0,4035.9507,NA
FRA,2010,2015.0,4035.4299,E
JPN,2010,1970.0,623.3711,D
JPN,2010,1971.0,660.3299,D
JPN,2010,1972.0,722.6373,D
JPN,2010,1973.0,749.5743,D
JPN,2010,1974.0,802.0178,D
JPN,2010,1975.0,903.0019,D
JPN,2010,1976.0,929.4517,D
JPN,2010,1977.0,985.1609,D
JPN,2010,1978.0,1062.5623,D
JPN,2010,1979.0,1135.0667,D
JPN,2010,1980.0,1235.055,D
JPN,2010,1981.0,1291.5449,D
JPN,2010,1982.0,1358.6788,D
JPN,2010,1983.0,1412.5784,D
JPN,2010,1984.0,1422.3298,D
JPN,2010,1985.0,1517.8435,D
JPN,2010,1986.0,1541.7301,D
JPN,2010,1987.0,1599.8228,D
JPN,2010,1988.0,1630.6228,D
JPN,2010,1989.0,1643.1504,D
JPN,2010,1990.0,1682.9817,D
JPN,2010,1991.0,1744.4086,D
JPN,2010,1992.0,1830.072,D
JPN,2010,1993.0,1910.1008,D
JPN,2010,1994.0,2003.6661,D
JPN,2010,1995.0,1963.2829,NA
JPN,2010,1996.0,1969.6699,NA
JPN,2010,1997.0,2073.7872,NA
JPN,2010,1998.0,2114.316,NA
JPN,2010,1999.0,2219.6448,NA
JPN,2010,2e3,2330.8806,NA
JPN,2010,2001.0,2403.8792,NA
JPN,2010,2002.0,2443.5713,NA
JPN,2010,2003.0,2525.473,NA
JPN,2010,2004.0,2602.057,NA
JPN,2010,2005.0,2692.0869,NA
JPN,2010,2006.0,2743.601,NA
JPN,2010,2007.0,2821.3057,NA
JPN,2010,2008.0,2906.937,NA
JPN,2010,2009.0,3035.3095,NA
JPN,2010,2010.0,3204.9489,NA
JPN,2010,2011.0,3725.9524,B
JPN,2010,2012.0,3858.7176,NA
JPN,2010,2013.0,3951.9544,NA
JPN,2010,2014.0,3962.1753,P
JPN,2010,2015.0,3930.7353,E
NLD,2010,1972.0,1263.8102,NA
NLD,2010,1973.0,1335.5067,NA
NLD,2010,1974.0,1429.309,NA
NLD,2010,1975.0,1500.9013,NA
NLD,2010,1976.0,1544.7651,NA
NLD,2010,1977.0,1587.6873,NA
NLD,2010,1978.0,1644.9819,NA
NLD,2010,1979.0,1708.9465,NA
NLD,2010,1980.0,1765.0192,NA
NLD,2010,1981.0,1763.385,NA
NLD,2010,1982.0,1792.5578,NA
NLD,2010,1983.0,1822.6207,NA
NLD,2010,1984.0,1796.0595,NA
NLD,2010,1985.0,1830.735,NA
NLD,2010,1986.0,1896.0149,NA
NLD,2010,1987.0,1951.6413,NA
NLD,2010,1988.0,1984.4914,NA
NLD,2010,1989.0,2111.5755,NA
NLD,2010,1990.0,2235.2966,NA
NLD,2010,1991.0,2329.3287,NA
NLD,2010,1992.0,2419.1975,NA
NLD,2010,1993.0,2465.4183,NA
NLD,2010,1994.0,2483.7328,NA
NLD,2010,1995.0,2517.7319,NA
NLD,2010,1996.0,2569.5265,NA
NLD,2010,1997.0,2598.2123,NA
NLD,2010,1998.0,2726.8316,B
NLD,2010,1999.0,2845.7887,NA
NLD,2010,2e3,2895.4987,NA
NLD,2010,2001.0,3094.8154,NA
NLD,2010,2002.0,3290.5559,NA
NLD,2010,2003.0,3492.0137,NA
NLD,2010,2004.0,3577.4411,NA
NLD,2010,2005.0,4026.956,B
NLD,2010,2006.0,4114.4114,NA
NLD,2010,2007.0,4261.8189,NA
NLD,2010,2008.0,4418.9235,NA
NLD,2010,2009.0,4549.9608,NA
NLD,2010,2010.0,4671.0098,NA
NLD,2010,2011.0,4749.1091,NA
NLD,2010,2012.0,4850.2599,NA
NLD,2010,2013.0,4851.3257,NA
NLD,2010,2014.0,4876.8411,NA
NLD,2010,2015.0,4885.5541,P
ISL,2010,1970.0,677.6726,D
ISL,2010,1971.0,830.6061,D
ISL,2010,1972.0,851.981,D
ISL,2010,1973.0,821.2949,D
ISL,2010,1974.0,977.879,D
ISL,2010,1975.0,1049.6175,D
ISL,2010,1976.0,1033.2232,D
ISL,2010,1977.0,1104.9693,D
ISL,2010,1978.0,1250.5295,D
ISL,2010,1979.0,1467.5863,D
ISL,2010,1980.0,1422.0142,B
ISL,2010,1981.0,1497.722,NA
ISL,2010,1982.0,1581.5156,NA
ISL,2010,1983.0,1674.4617,NA
ISL,2010,1984.0,1626.2001,NA
ISL,2010,1985.0,1725.9535,NA
ISL,2010,1986.0,1943.1152,NA
ISL,2010,1987.0,2136.8455,NA
ISL,2010,1988.0,2267.1187,NA
ISL,2010,1989.0,2195.0565,NA
ISL,2010,1990.0,2104.4213,NA
ISL,2010,1991.0,2124.8289,NA
ISL,2010,1992.0,2081.2123,NA
ISL,2010,1993.0,2110.8651,NA
ISL,2010,1994.0,2120.1821,NA
ISL,2010,1995.0,2145.0396,NA
ISL,2010,1996.0,2245.4189,NA
ISL,2010,1997.0,2308.4022,NA
ISL,2010,1998.0,2672.0023,NA
ISL,2010,1999.0,2880.4164,NA
ISL,2010,2e3,3018.2348,NA
ISL,2010,2001.0,3046.8803,NA
ISL,2010,2002.0,3280.2966,NA
ISL,2010,2003.0,3504.7227,BD
ISL,2010,2004.0,3563.2638,D
ISL,2010,2005.0,3571.3684,D
ISL,2010,2006.0,3531.784,D
ISL,2010,2007.0,3686.4844,D
ISL,2010,2008.0,3692.5888,D
ISL,2010,2009.0,3631.9733,D
ISL,2010,2010.0,3405.9865,D
ISL,2010,2011.0,3395.1218,D
ISL,2010,2012.0,3440.0963,D
ISL,2010,2013.0,3560.4208,D
ISL,2010,2014.0,3627.7345,D
ISL,2010,2015.0,3712.7076,DP
LUX,2010,1995.0,2769.0209,D
LUX,2010,1996.0,2796.9075,D
LUX,2010,1997.0,2858.7634,D
LUX,2010,1998.0,3000.2779,D
LUX,2010,1999.0,3223.3546,NA
LUX,2010,2e3,3598.2135,B
LUX,2010,2001.0,3922.0188,NA
LUX,2010,2002.0,4186.7568,NA
LUX,2010,2003.0,4296.0189,NA
LUX,2010,2004.0,4602.9762,NA
LUX,2010,2005.0,4530.867,NA
LUX,2010,2006.0,4340.3728,NA
LUX,2010,2007.0,4234.6125,NA
LUX,2010,2008.0,4261.7008,NA
LUX,2010,2009.0,4452.6732,NA
LUX,2010,2010.0,4381.0513,NA
LUX,2010,2011.0,3814.9994,B
LUX,2010,2012.0,3921.5017,NA
LUX,2010,2013.0,3893.4105,B
LUX,2010,2014.0,3872.4964,B
LUX,2010,2015.0,4487.2513,BP
CHL,2010,1995.0,518.8709,D
CHL,2010,1996.0,571.4461,D
CHL,2010,1997.0,602.4807,D
CHL,2010,1998.0,643.746,D
CHL,2010,1999.0,643.4363,D
CHL,2010,2e3,672.0826,D
CHL,2010,2001.0,702.5606,D
CHL,2010,2002.0,723.3348,D
CHL,2010,2003.0,847.996,B
CHL,2010,2004.0,900.6741,NA
CHL,2010,2005.0,945.5478,NA
CHL,2010,2006.0,986.7056,NA
CHL,2010,2007.0,1053.6318,NA
CHL,2010,2008.0,1084.6686,NA
CHL,2010,2009.0,1153.454,NA
CHL,2010,2010.0,1219.6509,NA
CHL,2010,2011.0,1279.5465,NA
CHL,2010,2012.0,1355.3914,NA
CHL,2010,2013.0,1464.9806,NA
CHL,2010,2014.0,1562.9226,NA
CHL,2010,2015.0,1613.3945,E
SVN,2010,1995.0,1302.0993,D
SVN,2010,1996.0,1382.4006,D
SVN,2010,1997.0,1476.5463,D
SVN,2010,1998.0,1537.2319,D
SVN,2010,1999.0,1615.3151,D
SVN,2010,2e3,1775.6261,D
SVN,2010,2001.0,1891.9529,D
SVN,2010,2002.0,1864.5666,B
SVN,2010,2003.0,1936.9238,NA
SVN,2010,2004.0,1981.1986,NA
SVN,2010,2005.0,2066.8623,NA
SVN,2010,2006.0,2132.2841,NA
SVN,2010,2007.0,2178.1724,NA
SVN,2010,2008.0,2352.881,NA
SVN,2010,2009.0,2345.0101,NA
SVN,2010,2010.0,2363.6692,NA
SVN,2010,2011.0,2368.1191,NA
SVN,2010,2012.0,2350.1776,NA
SVN,2010,2013.0,2329.7555,NA
SVN,2010,2014.0,2340.6884,NA
SVN,2010,2015.0,2353.321,P
PRT,2010,1970.0,237.0312,NA
PRT,2010,1971.0,271.9299,NA
PRT,2010,1972.0,362.9296,NA
PRT,2010,1973.0,436.2657,NA
PRT,2010,1974.0,465.4141,NA
PRT,2010,1975.0,586.6569,NA
PRT,2010,1976.0,589.9406,NA
PRT,2010,1977.0,550.1092,NA
PRT,2010,1978.0,577.0041,NA
PRT,2010,1979.0,586.0709,NA
PRT,2010,1980.0,709.0758,NA
PRT,2010,1981.0,749.3987,NA
PRT,2010,1982.0,769.8922,NA
PRT,2010,1983.0,725.81,NA
PRT,2010,1984.0,727.9294,NA
PRT,2010,1985.0,809.3355,NA
PRT,2010,1986.0,930.6231,NA
PRT,2010,1987.0,962.9728,NA
PRT,2010,1988.0,1079.2977,NA
PRT,2010,1989.0,1060.3577,NA
PRT,2010,1990.0,1100.2537,NA
PRT,2010,1991.0,1260.1745,NA
PRT,2010,1992.0,1305.9827,NA
PRT,2010,1993.0,1332.6912,NA
PRT,2010,1994.0,1336.6224,NA
PRT,2010,1995.0,1555.9956,B
PRT,2010,1996.0,1660.6355,NA
PRT,2010,1997.0,1717.3753,NA
PRT,2010,1998.0,1782.9635,NA
PRT,2010,1999.0,1901.5175,NA
PRT,2010,2e3,2153.7887,B
PRT,2010,2001.0,2187.8126,NA
PRT,2010,2002.0,2232.7837,NA
PRT,2010,2003.0,2292.0779000000002,NA
PRT,2010,2004.0,2431.0609,NA
PRT,2010,2005.0,2481.444,NA
PRT,2010,2006.0,2436.1823,NA
PRT,2010,2007.0,2472.8037,NA
PRT,2010,2008.0,2552.405,NA
PRT,2010,2009.0,2613.2917,NA
PRT,2010,2010.0,2645.6631,NA
PRT,2010,2011.0,2524.7798,NA
PRT,2010,2012.0,2386.2305,NA
PRT,2010,2013.0,2306.5946,NA
PRT,2010,2014.0,2312.9412,NA
PRT,2010,2015.0,2319.3756,P
GBR,2010,1970.0,656.0517,NA
GBR,2010,1971.0,684.045,NA
GBR,2010,1972.0,723.019,NA
GBR,2010,1973.0,755.9272,NA
GBR,2010,1974.0,851.4209,NA
GBR,2010,1975.0,889.9373,NA
GBR,2010,1976.0,920.0744,NA
GBR,2010,1977.0,924.6097,NA
GBR,2010,1978.0,953.2253,NA
GBR,2010,1979.0,975.3974,NA
GBR,2010,1980.0,1018.0133,NA
GBR,2010,1981.0,1053.2004,NA
GBR,2010,1982.0,1042.4711,NA
GBR,2010,1983.0,1128.0444,NA
GBR,2010,1984.0,1133.5529,NA
GBR,2010,1985.0,1155.5843,NA
GBR,2010,1986.0,1185.9615,NA
GBR,2010,1987.0,1262.1952000000001,NA
GBR,2010,1988.0,1310.9193,NA
GBR,2010,1989.0,1326.9804,NA
GBR,2010,1990.0,1344.0919,NA
GBR,2010,1991.0,1426.0631,NA
GBR,2010,1992.0,1545.4584,NA
GBR,2010,1993.0,1600.5217,NA
GBR,2010,1994.0,1681.6816,NA
GBR,2010,1995.0,1709.2018,NA
GBR,2010,1996.0,1745.8191,NA
GBR,2010,1997.0,1748.6616,B
GBR,2010,1998.0,1837.6474,NA
GBR,2010,1999.0,1965.5434,NA
GBR,2010,2e3,2044.202,NA
GBR,2010,2001.0,2204.104,NA
GBR,2010,2002.0,2335.376,NA
GBR,2010,2003.0,2487.615,NA
GBR,2010,2004.0,2606.135,NA
GBR,2010,2005.0,2712.273,NA
GBR,2010,2006.0,2812.727,NA
GBR,2010,2007.0,2894.783,NA
GBR,2010,2008.0,2945.846,NA
GBR,2010,2009.0,3085.415,NA
GBR,2010,2010.0,3036.12,NA
GBR,2010,2011.0,3063.044,NA
GBR,2010,2012.0,3099.058,NA
GBR,2010,2013.0,3673.108,B
GBR,2010,2014.0,3731.278,NA
GBR,2010,2015.0,3767.3602,E
NZL,2010,1970.0,964.0011,D
NZL,2010,1971.0,971.3469,D
NZL,2010,1972.0,1010.1016,D
NZL,2010,1973.0,1109.8231,D
NZL,2010,1974.0,1285.533,D
NZL,2010,1975.0,1353.0442,D
NZL,2010,1976.0,1251.9901,D
NZL,2010,1977.0,1253.1327000000001,D
NZL,2010,1978.0,1342.602,D
NZL,2010,1979.0,1273.7866,D
NZL,2010,1980.0,1176.5672,D
NZL,2010,1981.0,1208.6914,D
NZL,2010,1982.0,1240.6746,D
NZL,2010,1983.0,1236.9665,D
NZL,2010,1984.0,1219.59,D
NZL,2010,1985.0,1132.5728,D
NZL,2010,1986.0,1183.0917,D
NZL,2010,1987.0,1246.6725,D
NZL,2010,1988.0,1392.8127,D
NZL,2010,1989.0,1427.2557,D
NZL,2010,1990.0,1511.9218,D
NZL,2010,1991.0,1535.9415,D
NZL,2010,1992.0,1566.8143,D
NZL,2010,1993.0,1581.1303,D
NZL,2010,1994.0,1643.8037,D
NZL,2010,1995.0,1698.1658,D
NZL,2010,1996.0,1712.736,D
NZL,2010,1997.0,1793.7497,D
NZL,2010,1998.0,1901.6718,D
NZL,2010,1999.0,1958.3694,D
NZL,2010,2e3,2009.2265,D
NZL,2010,2001.0,2103.912,D
NZL,2010,2002.0,2264.4581,D
NZL,2010,2003.0,2268.0002,B
NZL,2010,2004.0,2360.5568,NA
NZL,2010,2005.0,2525.4906,NA
NZL,2010,2006.0,2670.6987,NA
NZL,2010,2007.0,2645.6815,NA
NZL,2010,2008.0,2837.608,BP
NZL,2010,2009.0,3028.8743,P
NZL,2010,2010.0,3020.3961,P
NZL,2010,2011.0,3047.9186,P
NZL,2010,2012.0,3150.6606,P
NZL,2010,2013.0,3084.7375,P
NZL,2010,2014.0,3128.6987,E
NZL,2010,2015.0,3183.9663,E
TUR,2010,1975.0,165.0731,D
TUR,2010,1976.0,140.9377,D
TUR,2010,1977.0,167.3497,D
TUR,2010,1978.0,185.7754,D
TUR,2010,1979.0,185.7688,D
TUR,2010,1980.0,182.3208,D
TUR,2010,1981.0,203.7051,D
TUR,2010,1982.0,171.7645,D
TUR,2010,1983.0,179.843,D
TUR,2010,1984.0,180.2676,D
TUR,2010,1985.0,129.4716,NA
TUR,2010,1986.0,167.0179,NA
TUR,2010,1987.0,184.8806,NA
TUR,2010,1988.0,201.9671,NA
TUR,2010,1989.0,216.9416,NA
TUR,2010,1990.0,249.5391,NA
TUR,2010,1991.0,280.5111,D
TUR,2010,1992.0,287.4862,D
TUR,2010,1993.0,298.9687,D
TUR,2010,1994.0,270.0727,D
TUR,2010,1995.0,265.1805,D
TUR,2010,1996.0,322.5513,D
TUR,2010,1997.0,367.7261,D
TUR,2010,1998.0,427.0581,D
TUR,2010,1999.0,516.4664,B
TUR,2010,2e3,575.1512,NA
TUR,2010,2001.0,582.2162,NA
TUR,2010,2002.0,634.4325,NA
TUR,2010,2003.0,656.849,NA
TUR,2010,2004.0,697.9255,NA
TUR,2010,2005.0,748.9754,NA
TUR,2010,2006.0,832.1519,NA
TUR,2010,2007.0,878.5876,NA
TUR,2010,2008.0,871.6667,NA
TUR,2010,2009.0,862.9134,NA
TUR,2010,2010.0,852.6704,NA
TUR,2010,2011.0,862.9516,NA
TUR,2010,2012.0,856.9456,NA
TUR,2010,2013.0,903.5676,NA
TUR,2010,2014.0,917.6357,NA
TUR,2010,2015.0,974.8436,E
ESP,2010,1970.0,448.6712,NA
ESP,2010,1971.0,529.0742,NA
ESP,2010,1972.0,598.3453,NA
ESP,2010,1973.0,625.202,NA
ESP,2010,1974.0,712.0427,NA
ESP,2010,1975.0,737.2338,NA
ESP,2010,1976.0,838.3206,NA
ESP,2010,1977.0,897.2817,NA
ESP,2010,1978.0,904.8541,NA
ESP,2010,1979.0,887.8727,NA
ESP,2010,1980.0,913.767,NA
ESP,2010,1981.0,930.2032,NA
ESP,2010,1982.0,953.6557,NA
ESP,2010,1983.0,994.0806,NA
ESP,2010,1984.0,972.3343,NA
ESP,2010,1985.0,969.0119,NA
ESP,2010,1986.0,989.7395,NA
ESP,2010,1987.0,1056.5485,NA
ESP,2010,1988.0,1232.2096,NA
ESP,2010,1989.0,1317.4873,NA
ESP,2010,1990.0,1444.19,NA
ESP,2010,1991.0,1522.8289,NA
ESP,2010,1992.0,1623.3291,NA
ESP,2010,1993.0,1674.5823,NA
ESP,2010,1994.0,1691.7669,NA
ESP,2010,1995.0,1773.4063,NA
ESP,2010,1996.0,1822.1491,NA
ESP,2010,1997.0,1853.2472,NA
ESP,2010,1998.0,1916.3749,NA
ESP,2010,1999.0,1993.7851,B
ESP,2010,2e3,2049.5785,NA
ESP,2010,2001.0,2095.6373,NA
ESP,2010,2002.0,2127.0201,NA
ESP,2010,2003.0,2385.9231,B
ESP,2010,2004.0,2447.9549,NA
ESP,2010,2005.0,2515.3131,NA
ESP,2010,2006.0,2602.8273,NA
ESP,2010,2007.0,2679.2603,NA
ESP,2010,2008.0,2820.1949,NA
ESP,2010,2009.0,2919.5786,NA
ESP,2010,2010.0,2917.9495,NA
ESP,2010,2011.0,2902.7335,NA
ESP,2010,2012.0,2824.2009,NA
ESP,2010,2013.0,2755.9181,NA
ESP,2010,2014.0,2830.0676,NA
ESP,2010,2015.0,2896.8668,E
POL,2010,1990.0,427.8173,NA
POL,2010,1991.0,438.6615,NA
POL,2010,1992.0,469.5296,NA
POL,2010,1993.0,495.4858,NA
POL,2010,1994.0,508.6694,NA
POL,2010,1995.0,534.474,NA
POL,2010,1996.0,603.1162,NA
POL,2010,1997.0,625.1421,NA
POL,2010,1998.0,643.9559,NA
POL,2010,1999.0,732.2129,NA
POL,2010,2e3,749.8991,NA
POL,2010,2001.0,814.007,NA
POL,2010,2002.0,889.627,B
POL,2010,2003.0,904.2159,NA
POL,2010,2004.0,942.0814,NA
POL,2010,2005.0,965.1666,NA
POL,2010,2006.0,1023.0938,NA
POL,2010,2007.0,1107.0177,NA
POL,2010,2008.0,1255.96,NA
POL,2010,2009.0,1332.3118,NA
POL,2010,2010.0,1340.7184,B
POL,2010,2011.0,1366.5163,NA
POL,2010,2012.0,1380.6929,NA
POL,2010,2013.0,1453.0953,B
POL,2010,2014.0,1499.4553,NA
POL,2010,2015.0,1527.8929,E
DNK,2010,1971.0,1752.6046,D
DNK,2010,1972.0,1832.706,D
DNK,2010,1973.0,1840.6337,D
DNK,2010,1974.0,1983.8015,D
DNK,2010,1975.0,2007.4161,D
DNK,2010,1976.0,2097.479,D
DNK,2010,1977.0,2082.9591,D
DNK,2010,1978.0,2152.0583,D
DNK,2010,1979.0,2256.2179,D
DNK,2010,1980.0,2233.5431,NA
DNK,2010,1981.0,2266.1629,NA
DNK,2010,1982.0,2365.8534,NA
DNK,2010,1983.0,2370.3896,NA
DNK,2010,1984.0,2338.5427,NA
DNK,2010,1985.0,2423.9343,NA
DNK,2010,1986.0,2462.757,NA
DNK,2010,1987.0,2566.9934,NA
DNK,2010,1988.0,2609.3351,NA
DNK,2010,1989.0,2583.172,NA
DNK,2010,1990.0,2603.6992,NA
DNK,2010,1991.0,2600.6729,NA
DNK,2010,1992.0,2647.4906,NA
DNK,2010,1993.0,2747.1456,NA
DNK,2010,1994.0,2811.1094,NA
DNK,2010,1995.0,2772.5318,NA
DNK,2010,1996.0,2861.9021,NA
DNK,2010,1997.0,2909.2982,NA
DNK,2010,1998.0,2887.3885,NA
DNK,2010,1999.0,3272.6025,NA
DNK,2010,2e3,3287.6537,NA
DNK,2010,2001.0,3443.0322,NA
DNK,2010,2002.0,3551.795,NA
DNK,2010,2003.0,3638.1442,B
DNK,2010,2004.0,3769.889,NA
DNK,2010,2005.0,3883.3181,NA
DNK,2010,2006.0,4052.4257,NA
DNK,2010,2007.0,4137.2414,NA
DNK,2010,2008.0,4175.102,NA
DNK,2010,2009.0,4434.2513,NA
DNK,2010,2010.0,4370.3331,NA
DNK,2010,2011.0,4310.9932,NA
DNK,2010,2012.0,4309.4836,NA
DNK,2010,2013.0,4295.5987,NA
DNK,2010,2014.0,4434.1204,B
DNK,2010,2015.0,4484.5356,E
SVK,2010,1997.0,821.5848,D
SVK,2010,1998.0,837.7805,D
SVK,2010,1999.0,833.5161,NA
SVK,2010,2e3,810.1319,NA
SVK,2010,2001.0,842.8819,NA
SVK,2010,2002.0,910.4797,NA
SVK,2010,2003.0,950.2762,NA
SVK,2010,2004.0,1187.6545,B
SVK,2010,2005.0,1290.7632,B
SVK,2010,2006.0,1455.7134,NA
SVK,2010,2007.0,1689.6859,NA
SVK,2010,2008.0,1727.8643,B
SVK,2010,2009.0,1864.0134,NA
SVK,2010,2010.0,1917.8972,NA
SVK,2010,2011.0,1872.8004,NA
SVK,2010,2012.0,1955.786,NA
SVK,2010,2013.0,1955.2659,NA
SVK,2010,2014.0,1842.2812,B
SVK,2010,2015.0,1916.8807,E
LTU,2010,1995.0,481.4273,D
LTU,2010,1996.0,530.5024,D
LTU,2010,1997.0,592.1849,D
LTU,2010,1998.0,679.1346,D
LTU,2010,1999.0,689.1487,D
LTU,2010,2e3,747.9224,D
LTU,2010,2001.0,779.2102,D
LTU,2010,2002.0,856.8148,D
LTU,2010,2003.0,961.519,D
LTU,2010,2004.0,888.0454,B
LTU,2010,2005.0,996.3796,NA
LTU,2010,2006.0,1125.159,NA
LTU,2010,2007.0,1247.6184,NA
LTU,2010,2008.0,1412.4888,NA
LTU,2010,2009.0,1423.3945,NA
LTU,2010,2010.0,1369.0169,NA
LTU,2010,2011.0,1415.8507,NA
LTU,2010,2012.0,1442.1557,NA
LTU,2010,2013.0,1472.3171,NA
LTU,2010,2014.0,1549.015,NA
LTU,2010,2015.0,1649.6084,E
IDN,2010,1995.0,95.6562,D
IDN,2010,1996.0,103.1826,D
IDN,2010,1997.0,103.1863,D
IDN,2010,1998.0,94.3483,D
IDN,2010,1999.0,101.2192,D
IDN,2010,2e3,102.6267,D
IDN,2010,2001.0,118.3762,D
IDN,2010,2002.0,124.0439,D
IDN,2010,2003.0,143.2253,D
IDN,2010,2004.0,138.7124,D
IDN,2010,2005.0,170.4485,D
IDN,2010,2006.0,184.8165,D
IDN,2010,2007.0,206.8833,D
IDN,2010,2008.0,196.0345,D
IDN,2010,2009.0,208.1595,D
IDN,2010,2010.0,230.2621,D
IDN,2010,2011.0,238.5425,D
IDN,2010,2012.0,266.365,D
IDN,2010,2013.0,280.0759,D
IDN,2010,2014.0,282.4026,D
USA,2010,1970.0,1452.5874,NA
USA,2010,1971.0,1513.5113,NA
USA,2010,1972.0,1609.232,NA
USA,2010,1973.0,1688.367,NA
USA,2010,1974.0,1746.0535,NA
USA,2010,1975.0,1809.8533,NA
USA,2010,1976.0,1954.6698,NA
USA,2010,1977.0,2092.2439,NA
USA,2010,1978.0,2177.4709,NA
USA,2010,1979.0,2260.2595,NA
USA,2010,1980.0,2363.7486,NA
USA,2010,1981.0,2485.7482,NA
USA,2010,1982.0,2611.8782,NA
USA,2010,1983.0,2743.7236,NA
USA,2010,1984.0,2902.8663,NA
USA,2010,1985.0,3068.3808,NA
USA,2010,1986.0,3202.9039,NA
USA,2010,1987.0,3364.5363,NA
USA,2010,1988.0,3610.2574,NA
USA,2010,1989.0,3835.6971,NA
USA,2010,1990.0,4093.4464,NA
USA,2010,1991.0,4277.884,NA
USA,2010,1992.0,4466.39,NA
USA,2010,1993.0,4623.3645,NA
USA,2010,1994.0,4721.7997,NA
USA,2010,1995.0,4835.5526,NA
USA,2010,1996.0,4945.7865,NA
USA,2010,1997.0,5068.7317,NA
USA,2010,1998.0,5243.21,NA
USA,2010,1999.0,5425.5428,NA
USA,2010,2e3,5635.34,NA
USA,2010,2001.0,5934.7847,NA
USA,2010,2002.0,6341.6322,NA
USA,2010,2003.0,6695.7248,NA
USA,2010,2004.0,6924.3707,NA
USA,2010,2005.0,7092.7348,NA
USA,2010,2006.0,7269.6777,NA
USA,2010,2007.0,7449.0334,NA
USA,2010,2008.0,7561.5873,NA
USA,2010,2009.0,7778.6191,NA
USA,2010,2010.0,7929.372,NA
USA,2010,2011.0,8005.7887,NA
USA,2010,2012.0,8103.3367,NA
USA,2010,2013.0,8157.4229,NA
USA,2010,2014.0,8404.4305,NA
USA,2010,2015.0,8714.8975,E
COL,2010,2010.0,728.1821,D
LVA,2010,1995.0,418.2962,D
LVA,2010,1996.0,473.0512,D
LVA,2010,1997.0,536.5739,D
LVA,2010,1998.0,570.6879,D
LVA,2010,1999.0,622.1972,D
LVA,2010,2e3,626.0707,D
LVA,2010,2001.0,696.9402,D
LVA,2010,2002.0,756.3974,D
LVA,2010,2003.0,795.6183,D
LVA,2010,2004.0,929.6818,B
LVA,2010,2005.0,978.9398,NA
LVA,2010,2006.0,1082.8852,NA
LVA,2010,2007.0,1207.1463,NA
LVA,2010,2008.0,1146.5548,NA
LVA,2010,2009.0,1091.5743,NA
LVA,2010,2010.0,1071.4247,NA
LVA,2010,2011.0,1052.3074,NA
LVA,2010,2012.0,1078.4919,NA
LVA,2010,2013.0,1116.1671,NA
LVA,2010,2014.0,1173.3727,NA
LVA,2010,2015.0,1230.4505,E
ZAF,2010,1995.0,745.6731,D
ZAF,2010,1996.0,780.6738,D
ZAF,2010,1997.0,798.9494,D
ZAF,2010,1998.0,781.3241,D
ZAF,2010,1999.0,789.9079,D
ZAF,2010,2e3,768.9091,D
ZAF,2010,2001.0,801.8725,D
ZAF,2010,2002.0,810.7098,D
ZAF,2010,2003.0,841.4861,D
ZAF,2010,2004.0,833.5853,D
ZAF,2010,2005.0,848.6267,D
ZAF,2010,2006.0,861.1494,D
ZAF,2010,2007.0,890.6001,D
ZAF,2010,2008.0,931.7036,D
ZAF,2010,2009.0,978.6948,D
ZAF,2010,2010.0,1007.4946,D
ZAF,2010,2011.0,1037.3466,D
ZAF,2010,2012.0,1065.9669,D
ZAF,2010,2013.0,1070.1004,D
ZAF,2010,2014.0,1071.6322,D
CHN,2010,1995.0,86.9761,D
CHN,2010,1996.0,101.7992,D
CHN,2010,1997.0,117.3603,D
CHN,2010,1998.0,135.4277,D
CHN,2010,1999.0,150.0395,D
CHN,2010,2e3,165.6894,D
CHN,2010,2001.0,175.9154,D
CHN,2010,2002.0,200.3364,D
CHN,2010,2003.0,220.8596,D
CHN,2010,2004.0,236.8717,D
CHN,2010,2005.0,258.6683,D
CHN,2010,2006.0,281.4608,D
CHN,2010,2007.0,305.2878,D
CHN,2010,2008.0,353.7455,D
CHN,2010,2009.0,425.0864,D
CHN,2010,2010.0,450.3382,D
CHN,2010,2011.0,504.7321,D
CHN,2010,2012.0,566.291,D
CHN,2010,2013.0,620.5868,D
CHN,2010,2014.0,682.7982,D
IND,2010,2010.0,186.716,D
BRA,2010,2e3,793.9286,D
BRA,2010,2001.0,811.2983,D
BRA,2010,2002.0,818.0891,D
BRA,2010,2003.0,795.9087,D
BRA,2010,2004.0,845.3631,D
BRA,2010,2005.0,1007.5841,D
BRA,2010,2006.0,1046.7811,D
BRA,2010,2007.0,1087.3257,D
BRA,2010,2008.0,1123.7374,D
BRA,2010,2009.0,1164.8185,D
BRA,2010,2010.0,867.8219,B
BRA,2010,2011.0,886.5029,NA
CRI,2010,2010.0,1200.8225,D
RUS,2010,1995.0,610.6544,D
RUS,2010,1996.0,610.1657,D
RUS,2010,1997.0,792.5873,D
RUS,2010,1998.0,700.6164,D
RUS,2010,1999.0,654.3624,D
RUS,2010,2e3,676.4839,D
RUS,2010,2001.0,747.2117,D
RUS,2010,2002.0,829.0301,D
RUS,2010,2003.0,837.2384,D
RUS,2010,2004.0,834.2544,D
RUS,2010,2005.0,896.0307,D
RUS,2010,2006.0,990.6787,D
RUS,2010,2007.0,1093.3263,D
RUS,2010,2008.0,1332.8476,D
RUS,2010,2009.0,1469.6335,D
RUS,2010,2010.0,1404.7139,D
RUS,2010,2011.0,1411.9743,D
RUS,2010,2012.0,1515.9129,D
RUS,2010,2013.0,1581.1128,D
RUS,2010,2014.0,1312.1886,B
